{"79939641044.session": 1744693043.9240208, "79936420080.session": 1744706276.267377}